ts,ok
2025-08-19T23:02:57.117Z,1
2025-08-19T23:03:12.244Z,1
2025-08-19T23:03:27.247Z,1
2025-08-19T23:03:42.257Z,1
2025-08-19T23:03:57.265Z,1
2025-08-19T23:04:12.276Z,1
2025-08-19T23:04:27.289Z,1
2025-08-19T23:04:42.303Z,1
2025-08-19T23:04:57.318Z,1
2025-08-19T23:05:12.332Z,1
2025-08-19T23:05:27.337Z,1
2025-08-19T23:05:42.343Z,1
2025-08-19T23:05:57.355Z,1
2025-08-19T23:06:12.363Z,1
2025-08-19T23:06:27.374Z,1
2025-08-19T23:06:42.385Z,1
2025-08-19T23:06:57.398Z,1
2025-08-19T23:07:12.403Z,1
2025-08-19T23:07:27.417Z,1
2025-08-19T23:07:42.427Z,1
